gender,lastname,birthyear,zip,status
d,Ja--------,1976,6100,BRONZE
m,Ya--------,2018,8500,GOLD
w,Os--------,1944,7100,BRONZE
w,He--------,1967,7400,PREMIUM
w,Ra--------,1909,5300,GOLD
m,Ze--------,1937,2700,PREMIUM
m,Gr--------,1936,8600,PREMIUM
w,Ni--------,1997,1800,SILVER
m,Ba--------,1978,8700,GOLD
m,Br--------,1939,7500,BRONZE
w,Ma--------,2009,6900,BRONZE
w,Ku--------,1907,6600,PREMIUM
m,Ge--------,1975,7100,PREMIUM
m,Ge--------,1939,8400,SILVER
w,Kr--------,1955,2700,BRONZE
w,Kä--------,1938,2700,SILVER
m,Le--------,1911,5200,PREMIUM
w,Bo--------,2005,2000,BRONZE
m,Sc--------,1989,4400,BRONZE
m,Kr--------,1928,6600,PREMIUM
m,Fr--------,1956,1900,SILVER
m,Se--------,1991,6200,GOLD
w,Co--------,2004,6600,PREMIUM
w,Au--------,1987,8800,PREMIUM
m,Re--------,1941,8500,PREMIUM
m,Pe--------,1980,1800,GOLD
m,Bu--------,1974,7200,GOLD
m,Ma--------,1934,3900,GOLD
w,Bü--------,1989,1300,PREMIUM
d,Bo--------,1958,7100,PREMIUM
m,Se--------,1940,1900,BRONZE
m,Un--------,1912,3200,BRONZE
m,Bl--------,1943,7100,PREMIUM
w,Mi--------,1931,6900,BRONZE
d,Sc--------,1908,1500,PREMIUM
m,Ga--------,2002,1200,PREMIUM
w,Pi--------,1942,9600,PREMIUM
m,An--------,2003,8700,PREMIUM
w,Gr--------,1911,7100,PREMIUM
m,Te--------,1902,1900,GOLD
m,Ra--------,1941,6400,PREMIUM
w,Re--------,1915,8200,BRONZE
w,Sc--------,1903,3700,SILVER
d,Ba--------,1971,8500,GOLD
d,Tr--------,1976,7100,PREMIUM
w,Ha--------,1959,4600,BRONZE
w,Er--------,1950,6900,BRONZE
m,La--------,1918,3300,SILVER
w,Sh--------,2000,3900,PREMIUM
w,Mi--------,1991,8400,BRONZE
m,Ma--------,1948,8500,GOLD
w,Ha--------,1956,5300,GOLD
m,Ar--------,1947,5700,PREMIUM
w,Di--------,1956,1000,GOLD
w,En--------,1919,8400,GOLD
d,Ei--------,1984,9000,BRONZE
w,Pe--------,1932,9600,PREMIUM
m,Mu--------,1924,1900,PREMIUM
m,Or--------,1980,2500,BRONZE
w,Ha--------,1937,1200,BRONZE
w,Kä--------,1980,8800,BRONZE
m,He--------,2015,1100,GOLD
w,Me--------,1951,1500,SILVER
w,Ha--------,1920,1300,PREMIUM
m,Go--------,1926,1400,GOLD
d,Go--------,1920,6900,BRONZE
m,Kl--------,1997,3800,SILVER
d,Ob--------,1966,1900,PREMIUM
m,Wa--------,1930,9200,GOLD
w,Ku--------,1998,7500,SILVER
w,Me--------,1957,1700,GOLD
w,Kr--------,1955,6400,BRONZE
m,Kl--------,1937,1600,GOLD
d,Bo--------,1957,4200,SILVER
m,La--------,1974,6600,BRONZE
m,Gu--------,1978,8500,GOLD
m,Ha--------,2010,7100,GOLD
w,Wi--------,1961,1500,BRONZE
w,Ac--------,2014,4400,PREMIUM
w,Kl--------,2005,4400,BRONZE
m,Ro--------,1934,7000,PREMIUM
w,Do--------,1932,4300,SILVER
w,He--------,1948,5600,BRONZE
m,Ha--------,1923,3000,PREMIUM
w,Co--------,2012,1900,GOLD
m,Or--------,1994,8600,GOLD
d,Hü--------,1986,8900,SILVER
m,Ze--------,2013,4900,PREMIUM
w,Pa--------,1995,2400,SILVER
w,Ki--------,1997,1700,GOLD
w,Gr--------,1951,3600,PREMIUM
w,Hi--------,1905,3400,PREMIUM
m,Ho--------,1908,6500,GOLD
w,Me--------,1984,5400,BRONZE
w,Kr--------,1977,1900,PREMIUM
w,Cr--------,1937,3900,PREMIUM
w,Tö--------,2000,4900,SILVER
m,Pa--------,2008,1000,GOLD
w,Kö--------,2018,6200,PREMIUM
w,Ki--------,2016,4600,SILVER
w,Mi--------,1959,3200,GOLD
w,Kl--------,1962,1600,BRONZE
m,Ei--------,1979,1900,BRONZE
m,St--------,1932,5000,PREMIUM
w,Ut--------,1905,1700,GOLD
m,Oe--------,1965,7000,PREMIUM
w,Ri--------,1992,7600,SILVER
w,Po--------,1994,1400,SILVER
d,Ni--------,1956,1400,BRONZE
m,Da--------,1950,2500,SILVER
m,Go--------,1909,1200,BRONZE
w,Hu--------,1958,6200,SILVER
d,Es--------,1991,8200,PREMIUM
m,Kö--------,1996,8400,SILVER
m,Bu--------,1953,9100,PREMIUM
w,Ba--------,1927,1700,SILVER
w,He--------,1934,9100,BRONZE
m,Ha--------,1993,1000,BRONZE
m,La--------,1944,1200,GOLD
w,St--------,1948,2500,GOLD
w,Ku--------,2013,8800,PREMIUM
w,Wä--------,1988,1700,BRONZE
m,Ha--------,1981,4900,BRONZE
m,Pa--------,1983,2500,SILVER
m,Pü--------,1973,6500,PREMIUM
m,Pa--------,1972,7500,GOLD
w,El--------,1927,1900,BRONZE
w,Eh--------,1911,1500,BRONZE
m,Es--------,1964,6200,SILVER
m,Br--------,1993,2000,BRONZE
m,Ih--------,1991,4500,PREMIUM
d,Ch--------,1988,7700,GOLD
m,St--------,1975,3900,BRONZE
m,Kö--------,1966,8400,GOLD
m,Rü--------,1955,8800,GOLD
m,Ry--------,1941,1400,GOLD
m,Tu--------,1933,1200,BRONZE
m,Go--------,1971,3900,PREMIUM
w,Sc--------,2000,8400,PREMIUM
w,Sc--------,1940,2500,SILVER
m,Re--------,1946,7400,GOLD
m,He--------,1906,7100,GOLD
w,Mu--------,1984,7200,GOLD
m,Jo--------,2004,8200,PREMIUM
m,Ma--------,2020,1300,PREMIUM
w,La--------,2004,4100,BRONZE
m,Pu--------,1946,7100,BRONZE
m,Pa--------,1949,6500,BRONZE
w,Ba--------,1982,8200,GOLD
m,Ge--------,1997,2900,PREMIUM
m,Du--------,2010,9200,PREMIUM
w,Kr--------,1981,1200,GOLD
m,Be--------,1996,8400,GOLD
w,Bu--------,2003,6900,GOLD
m,Sc--------,1910,7500,BRONZE
m,Le--------,1989,8500,BRONZE
m,Wi--------,2013,5200,GOLD
w,Kr--------,2014,4800,BRONZE
m,Ni--------,1911,4400,GOLD
m,Kl--------,1976,2900,SILVER
m,Te--------,1927,7100,PREMIUM
w,Hö--------,1948,6900,BRONZE
m,Ma--------,1994,6800,SILVER
m,Sc--------,1970,1800,PREMIUM
m,Re--------,1904,1900,PREMIUM
m,Rö--------,1911,8500,BRONZE
w,Hi--------,1971,6400,PREMIUM
w,Bö--------,1931,8200,BRONZE
m,Kn--------,1905,3500,GOLD
w,St--------,2003,4700,PREMIUM
w,Uh--------,1989,3500,BRONZE
m,Be--------,1964,6600,PREMIUM
w,We--------,1904,1300,SILVER
w,Th--------,1935,8700,GOLD
m,Bo--------,1951,6400,PREMIUM
m,Wi--------,1912,4900,GOLD
m,Lo--------,2016,1000,GOLD
m,Ha--------,1919,9300,PREMIUM
w,Ju--------,1995,6900,PREMIUM
w,Be--------,1947,5700,BRONZE
w,Kr--------,1965,3300,SILVER
w,Di--------,1970,8700,GOLD
m,Co--------,1925,5400,SILVER
w,Wi--------,1952,8500,PREMIUM
w,We--------,1960,1900,BRONZE
w,Na--------,1957,6800,PREMIUM
m,Kl--------,2001,1700,SILVER
m,Pu--------,1978,8200,SILVER
w,Sp--------,1943,7100,BRONZE
m,Ho--------,1906,7300,SILVER
m,Fr--------,1956,8500,SILVER
w,He--------,1972,8100,GOLD
m,La--------,1999,6000,SILVER
w,Ma--------,1932,6300,BRONZE
w,Gö--------,1923,6900,SILVER
w,Tr--------,1932,7400,PREMIUM
w,Po--------,1911,5200,GOLD
d,Gü--------,1912,6900,PREMIUM
m,Se--------,1960,1700,SILVER
w,Fr--------,1968,1600,PREMIUM
m,Kä--------,1990,7100,GOLD
d,Ha--------,1943,3900,BRONZE
w,Pl--------,1975,8600,SILVER
w,Kü--------,1937,8300,PREMIUM
m,Wa--------,1933,3000,PREMIUM
m,Ri--------,1938,9100,GOLD
m,Ko--------,1926,3900,BRONZE
w,Mi--------,1903,6400,BRONZE
w,En--------,1933,8300,GOLD
w,Le--------,1904,4200,BRONZE
w,Sc--------,2003,4400,SILVER
m,Kl--------,1992,4400,BRONZE
m,Co--------,1972,3900,PREMIUM
w,Ju--------,2012,1700,BRONZE
m,Ze--------,1903,6600,GOLD
m,Fe--------,2008,4600,SILVER
m,Gö--------,1932,6500,PREMIUM
m,Sc--------,2014,1000,SILVER
w,Ha--------,1914,4800,BRONZE
m,Ra--------,1970,6000,BRONZE
m,Ba--------,1943,9500,PREMIUM
m,Go--------,1972,8700,PREMIUM
w,El--------,1984,6500,SILVER
m,Ci--------,1905,9600,GOLD
d,Ge--------,1976,3000,GOLD
w,Br--------,1948,5000,GOLD
w,We--------,2010,8900,SILVER
w,Ba--------,2005,1500,BRONZE
w,Wo--------,1960,2800,SILVER
w,Ha--------,1963,5000,SILVER
w,Bo--------,1949,1900,SILVER
m,Ta--------,1957,4500,GOLD
m,He--------,1904,6200,SILVER
d,Si--------,1929,4400,BRONZE
w,Sc--------,1956,5500,SILVER
w,Na--------,1957,3900,SILVER
w,Jä--------,1926,3900,SILVER
w,Ca--------,1995,3700,PREMIUM
m,Sc--------,1980,8000,PREMIUM
m,Bo--------,1949,1900,GOLD
m,De--------,1955,7100,BRONZE
d,Va--------,1974,7300,BRONZE
m,Wü--------,1945,3600,PREMIUM
w,Di--------,1973,6700,PREMIUM
d,Ha--------,1902,2100,GOLD
m,Kn--------,1964,1100,GOLD
w,Th--------,2006,7400,SILVER
m,Hä--------,1947,8100,SILVER
w,Ch--------,1946,1600,PREMIUM
w,St--------,1907,9500,GOLD
w,Le--------,1929,7100,SILVER
w,Bu--------,1904,8500,PREMIUM
w,St--------,1985,5400,SILVER
w,Ha--------,1905,1300,BRONZE
w,Sc--------,1963,9000,GOLD
m,Kl--------,1962,8400,SILVER
m,Lä--------,1939,1300,PREMIUM
w,Fe--------,1926,7500,GOLD
m,Wi--------,1991,4800,PREMIUM
w,Ho--------,1982,1200,SILVER
w,Ga--------,1955,8700,SILVER
w,Sc--------,1982,1500,SILVER
w,Hü--------,1959,9400,PREMIUM
m,Fr--------,1940,8500,PREMIUM
w,Hu--------,2019,4300,PREMIUM
w,Kö--------,1941,3600,GOLD
w,Gr--------,1949,3900,BRONZE
w,La--------,1983,8100,BRONZE
w,Wi--------,1991,5200,GOLD
m,Be--------,1944,5400,SILVER
w,We--------,1970,1000,PREMIUM
w,Ca--------,2018,8600,PREMIUM
m,La--------,1925,2600,GOLD
w,Ge--------,1986,8300,SILVER
w,Kl--------,1922,2400,SILVER
w,Le--------,1959,2500,GOLD
d,La--------,2015,2300,SILVER
m,Rü--------,1934,6300,GOLD
m,Gi--------,1977,7400,SILVER
d,St--------,1971,1200,PREMIUM
w,Sc--------,1965,8900,SILVER
w,Fa--------,1913,3000,SILVER
m,Bi--------,1967,7400,BRONZE
m,Wa--------,1985,8200,PREMIUM
w,Br--------,1937,8700,BRONZE
m,Br--------,1904,1800,SILVER
w,Fi--------,1945,1700,BRONZE
w,Ru--------,1927,6600,BRONZE
w,Ha--------,1952,1000,GOLD
m,Tu--------,1934,1500,GOLD
m,Fe--------,1905,3200,GOLD
w,Be--------,1913,1200,BRONZE
m,Fü--------,1941,7200,SILVER
d,Fi--------,1968,5600,PREMIUM
m,Ro--------,1948,6800,BRONZE
w,Eg--------,2007,1000,BRONZE
d,Ko--------,1958,4400,SILVER
w,Te--------,2016,4400,PREMIUM
m,Hä--------,1985,7200,BRONZE
m,Po--------,1960,6900,SILVER
m,Kr--------,1975,3100,PREMIUM
w,Re--------,1928,3000,BRONZE
m,Rö--------,1966,9400,PREMIUM
w,Ry--------,1936,8800,PREMIUM
w,Wi--------,1964,8800,GOLD
m,La--------,1987,2700,GOLD
w,Na--------,1987,6800,SILVER
w,Ra--------,2018,7500,PREMIUM
w,Fr--------,1972,6900,SILVER
w,Wi--------,1925,9500,BRONZE
w,Ja--------,1976,3600,PREMIUM
m,Bö--------,1907,1200,BRONZE
d,Ei--------,1922,9600,SILVER
m,Ka--------,1916,3500,SILVER
m,He--------,1937,4400,SILVER
d,Ku--------,1994,8100,GOLD
m,Ri--------,1942,6000,GOLD
w,Be--------,1941,1100,GOLD
m,He--------,1962,7200,PREMIUM
w,Li--------,1929,7000,PREMIUM
m,Kr--------,2012,4500,SILVER
w,Ti--------,1967,4900,BRONZE
m,Pö--------,1929,6900,SILVER
w,Kl--------,2013,6000,BRONZE
m,Pf--------,2002,7500,GOLD
m,De--------,1902,8900,GOLD
m,He--------,1977,6600,GOLD
m,Ru--------,1987,7300,SILVER
w,Mu--------,1968,6700,SILVER
d,Do--------,2006,3200,PREMIUM
m,Ma--------,2009,6800,GOLD
m,Mu--------,1955,6400,GOLD
m,Go--------,1978,4500,SILVER
w,Ma--------,1923,2500,GOLD
m,Se--------,1952,8200,GOLD
m,Di--------,1998,6600,GOLD
d,Mi--------,2002,7000,BRONZE
m,Di--------,1941,4500,SILVER
m,Ga--------,1990,8200,BRONZE
d,Ke--------,1962,6000,GOLD
w,Me--------,1941,6600,PREMIUM
d,We--------,1973,7300,BRONZE
m,Ja--------,2018,1300,GOLD
w,Bo--------,1954,1700,SILVER
m,Bi--------,1953,1100,SILVER
m,Kä--------,1985,9400,GOLD
w,Ko--------,1932,1900,BRONZE
m,Fa--------,1988,7000,BRONZE
m,He--------,2009,1600,PREMIUM
m,Me--------,1926,2000,GOLD
m,Gr--------,1996,9500,BRONZE
m,Ma--------,1959,1600,BRONZE
m,Dö--------,1925,1700,SILVER
w,Bu--------,1994,6400,PREMIUM
m,Br--------,1946,4100,BRONZE
m,Ku--------,1935,5000,BRONZE
m,Za--------,1983,6900,BRONZE
w,Ko--------,1916,3200,GOLD
w,At--------,1992,3600,PREMIUM
w,Fi--------,1963,6400,BRONZE
w,Fü--------,1937,6600,BRONZE
w,Kr--------,1963,8700,PREMIUM
m,Bi--------,1907,8800,SILVER
d,Ba--------,1989,1700,GOLD
m,Ka--------,2014,6300,SILVER
m,Rö--------,1959,7300,GOLD
m,Mu--------,1909,4400,SILVER
m,Je--------,1980,8400,GOLD
m,Hi--------,1981,3300,BRONZE
w,Bu--------,1922,3100,GOLD
m,Sc--------,1905,6200,GOLD
m,Ma--------,1996,9500,BRONZE
w,St--------,1937,4200,GOLD
w,We--------,1966,3400,BRONZE
w,Uh--------,1974,9500,SILVER
w,Re--------,1988,6200,GOLD
w,Ra--------,1989,1500,BRONZE
m,Kr--------,1955,1800,GOLD
m,Ma--------,1987,6100,GOLD
w,St--------,1917,6700,GOLD
w,Sc--------,1936,8400,BRONZE
w,Br--------,1930,3000,PREMIUM
w,Ru--------,1920,9100,BRONZE
m,Dö--------,1929,5200,SILVER
m,Re--------,1965,1000,SILVER
m,Sc--------,1922,8900,GOLD
m,Me--------,2010,3400,SILVER
w,Sc--------,2008,1500,SILVER
w,He--------,1909,1400,PREMIUM
m,Ro--------,1963,5000,BRONZE
w,Bi--------,2008,1000,BRONZE
w,Ha--------,1976,1700,PREMIUM
w,Le--------,2014,2700,SILVER
w,Re--------,2007,2800,PREMIUM
w,Ze--------,1990,8800,SILVER
d,Ru--------,1956,3700,BRONZE
m,Br--------,1993,1400,SILVER
w,St--------,1983,8500,SILVER
w,Mi--------,1983,3400,BRONZE
m,Br--------,1928,8500,BRONZE
m,Le--------,1919,7000,BRONZE
w,Be--------,1990,3600,GOLD
w,Ke--------,1925,8800,SILVER
m,Se--------,1944,6700,SILVER
m,St--------,2007,9100,GOLD
m,Ma--------,1963,8800,SILVER
d,Ka--------,1919,8600,GOLD
m,Di--------,1951,6500,BRONZE
m,Hi--------,1979,8700,SILVER
w,Kl--------,1932,8500,BRONZE
m,Ol--------,2008,4200,PREMIUM
m,Ot--------,1937,1400,PREMIUM
d,Hu--------,1966,8900,SILVER
w,Ki--------,1971,6700,PREMIUM
m,Fl--------,2019,3400,PREMIUM
w,Gr--------,1969,6100,BRONZE
w,Ma--------,1929,5000,GOLD
m,Wü--------,1979,8600,PREMIUM
m,Gi--------,1952,8400,BRONZE
m,De--------,1920,8300,SILVER
m,Du--------,1956,6700,SILVER
m,Bi--------,1984,1200,BRONZE
w,Ri--------,1992,4800,BRONZE
m,Ec--------,1971,6000,BRONZE
m,Sc--------,1986,8400,PREMIUM
m,Pr--------,1982,9500,BRONZE
w,Re--------,1944,1200,PREMIUM
m,Be--------,1992,3000,BRONZE
m,Kr--------,1967,3600,BRONZE
w,Po--------,1935,6100,GOLD
m,Di--------,1926,5600,PREMIUM
m,Pa--------,1986,4400,GOLD
m,Th--------,1950,8500,GOLD
w,Jo--------,2019,4500,SILVER
w,Ba--------,1947,6600,SILVER
w,Bi--------,1939,8000,GOLD
w,Fe--------,1963,4100,PREMIUM
m,Te--------,1916,6500,SILVER
m,He--------,1987,8400,SILVER
d,Ob--------,2000,8700,BRONZE
w,Go--------,1906,6600,SILVER
w,Ka--------,1920,2000,PREMIUM
w,Fl--------,1977,1500,BRONZE
m,Le--------,1954,5600,GOLD
m,Tr--------,1932,1400,PREMIUM
w,Ka--------,1916,7500,PREMIUM
w,Zi--------,1970,3200,SILVER
w,Sp--------,1998,1900,BRONZE
m,Me--------,2009,9000,PREMIUM
w,Ed--------,1977,6200,BRONZE
d,So--------,1942,3700,PREMIUM
m,Ro--------,1937,1700,SILVER
w,Do--------,1944,8400,PREMIUM
d,Br--------,1933,7500,SILVER
w,Bü--------,1983,1600,PREMIUM
m,Bu--------,1914,3000,GOLD
m,Sp--------,1949,1900,PREMIUM
m,Ja--------,1926,3900,PREMIUM
w,Kr--------,1968,1000,BRONZE
w,Bü--------,1932,5200,SILVER
w,Ei--------,2014,2800,GOLD
m,Wi--------,1946,9200,BRONZE
m,Mu--------,1924,1600,SILVER
w,Ri--------,1926,1600,BRONZE
m,Ak--------,2013,5000,GOLD
m,Li--------,1973,5200,PREMIUM
w,Ne--------,1958,6000,PREMIUM
m,We--------,1982,8100,PREMIUM
m,De--------,1979,5000,PREMIUM
w,Kö--------,1944,1400,GOLD
m,He--------,2013,1400,GOLD
w,Ri--------,1965,6600,PREMIUM
m,Fl--------,1915,1600,GOLD
w,Ko--------,1993,4200,PREMIUM
w,La--------,2003,2500,GOLD
m,El--------,2010,4400,SILVER
m,Si--------,1997,6200,BRONZE
m,Ch--------,1999,9400,PREMIUM
w,Fr--------,1909,1000,BRONZE
w,Ma--------,1915,3600,PREMIUM
m,Ja--------,1956,1000,BRONZE
m,Mü--------,1999,8200,BRONZE
w,Va--------,1902,8800,SILVER
m,Sc--------,2001,3000,PREMIUM
m,Ba--------,1928,3300,PREMIUM
m,Ho--------,1931,8500,BRONZE
m,Me--------,1945,1200,BRONZE
d,Br--------,2000,1100,GOLD
w,Bö--------,1953,5500,BRONZE
w,Le--------,1962,3100,PREMIUM
d,Gü--------,1904,5300,GOLD
m,Sc--------,1977,3900,BRONZE
m,Ra--------,2018,4200,GOLD
w,La--------,1973,7100,BRONZE
m,Di--------,1982,3600,GOLD
m,If--------,1969,6100,BRONZE
w,Ro--------,1952,1100,SILVER
m,Th--------,1959,3100,PREMIUM
m,Hu--------,1984,1000,PREMIUM
d,Sa--------,1981,3000,GOLD
m,Ke--------,1981,6500,SILVER
d,He--------,1995,4700,SILVER
m,Se--------,1950,9200,GOLD
w,Gr--------,1988,5400,SILVER
m,Ru--------,1943,8400,BRONZE
m,Sc--------,1927,2500,PREMIUM
w,St--------,1956,1400,PREMIUM
w,Ri--------,1956,1600,BRONZE
w,Pr--------,1909,1200,SILVER
m,Ju--------,1929,5200,BRONZE
w,Sc--------,2002,6000,GOLD
w,Ro--------,2008,4800,SILVER
m,Sc--------,1975,1000,GOLD
m,Se--------,1905,3600,SILVER
w,Vo--------,1913,8900,SILVER
m,Pe--------,1961,9200,BRONZE
w,Sa--------,1905,3200,PREMIUM
d,Sc--------,1934,4900,SILVER
m,Hi--------,1924,6100,BRONZE
w,Dä--------,1959,7000,PREMIUM
d,Ro--------,1963,1700,BRONZE
m,Kr--------,1945,7400,BRONZE
m,Pe--------,1973,1900,SILVER
m,Ke--------,1974,3600,PREMIUM
m,St--------,1982,6900,SILVER
m,Jü--------,1952,4500,PREMIUM
w,Fe--------,1914,8500,PREMIUM
m,Sa--------,1976,7000,BRONZE
w,Da--------,1927,8900,BRONZE
m,Gi--------,2007,6900,BRONZE
w,Ja--------,2016,1700,PREMIUM
w,Sc--------,1964,1900,PREMIUM
w,Sp--------,1932,1200,BRONZE
w,Ri--------,1949,8200,BRONZE
w,Ge--------,1912,1600,SILVER
m,Me--------,2002,1200,BRONZE
m,Sc--------,1922,5700,PREMIUM
w,Bü--------,2003,6000,SILVER
m,Pe--------,1988,3600,SILVER
w,Kl--------,1906,6100,PREMIUM
w,Gü--------,2015,4800,SILVER
w,Wi--------,1915,5200,BRONZE
m,Al--------,1953,8700,SILVER
w,Ge--------,1983,5600,GOLD
m,We--------,1930,8500,GOLD
w,St--------,1989,4500,BRONZE
w,Tö--------,2012,1600,BRONZE
w,Oe--------,1986,1300,SILVER
w,Bö--------,1922,7600,SILVER
m,La--------,2007,1700,BRONZE
w,Am--------,1916,7000,BRONZE
w,Kl--------,1995,6000,GOLD
m,Bu--------,2005,6100,BRONZE
m,Bl--------,1955,1400,PREMIUM
w,He--------,1908,3300,SILVER
w,Kr--------,2018,3900,GOLD
w,Br--------,1946,3400,PREMIUM
m,Sc--------,1999,4000,PREMIUM
w,Hö--------,1931,1000,SILVER
w,Ha--------,1927,7400,PREMIUM
w,Kl--------,1947,7400,SILVER
w,Re--------,1961,1100,SILVER
w,Bo--------,1942,1900,SILVER
m,Ma--------,2013,1300,BRONZE
d,Sc--------,2016,8800,GOLD
w,Lo--------,1975,1900,SILVER
m,Ne--------,1918,8100,PREMIUM
w,Sc--------,1982,5200,SILVER
m,Ku--------,1926,3600,BRONZE
w,Ef--------,2017,7200,SILVER
w,Od--------,2019,1500,SILVER
m,Lö--------,1910,4500,SILVER
w,Sc--------,2009,4400,BRONZE
w,Kl--------,1996,4500,BRONZE
m,Am--------,1974,6100,SILVER
m,Pö--------,1981,8600,BRONZE
m,Kü--------,1927,2100,BRONZE
m,He--------,1917,3300,BRONZE
w,Tr--------,1974,1900,PREMIUM
w,Gi--------,1961,6800,SILVER
w,Bu--------,1977,8100,GOLD
w,Am--------,1966,8300,SILVER
m,Ra--------,1971,8100,PREMIUM
m,Fr--------,2000,9500,PREMIUM
m,St--------,1986,7400,PREMIUM
m,Re--------,1985,6700,SILVER
m,Sc--------,1929,1600,SILVER
m,Kr--------,2020,1200,PREMIUM
m,Ru--------,1964,7500,GOLD
w,Be--------,1939,8700,SILVER
w,Gu--------,1904,3900,SILVER
w,Fe--------,2018,2500,SILVER
m,Pe--------,1990,7300,SILVER
m,Lü--------,1908,1900,BRONZE
m,Re--------,1962,7400,GOLD
d,Um--------,1997,1900,PREMIUM
m,Ta--------,1958,1700,BRONZE
w,El--------,1929,2900,PREMIUM
m,Ju--------,1965,8600,BRONZE
m,Ne--------,1980,1400,SILVER
w,We--------,2000,1300,GOLD
m,An--------,1971,2300,PREMIUM
w,Kr--------,1965,3100,SILVER
m,Ar--------,1917,6600,PREMIUM
m,Hu--------,1929,1200,PREMIUM
m,He--------,1961,1600,GOLD
w,We--------,1975,8300,GOLD
w,Sc--------,1981,8500,SILVER
d,Du--------,1938,5300,BRONZE
w,Ra--------,1953,1000,BRONZE
w,Gi--------,1937,2000,PREMIUM
m,Ti--------,1936,8400,BRONZE
m,Ub--------,1938,6400,PREMIUM
m,Li--------,1912,1600,BRONZE
m,Sc--------,1909,1500,BRONZE
w,Wi--------,1967,1700,GOLD
m,Ko--------,1977,8400,SILVER
m,Wi--------,1974,8400,SILVER
w,Ti--------,2003,9000,GOLD
m,Ei--------,1946,8400,SILVER
w,Pe--------,1927,4700,GOLD
m,He--------,2014,6100,BRONZE
m,To--------,1988,9500,SILVER
m,Ro--------,1907,5200,SILVER
w,Ku--------,1981,1900,BRONZE
d,Fo--------,2005,1400,BRONZE
m,Pe--------,1975,1200,GOLD
w,Pe--------,1913,8300,PREMIUM
m,Ro--------,1979,3900,PREMIUM
w,Ho--------,1952,2000,BRONZE
m,Ke--------,1906,6200,GOLD
w,Ha--------,2007,1200,BRONZE
m,Um--------,1941,8300,BRONZE
m,Ra--------,1977,8800,BRONZE
w,Be--------,1932,4200,BRONZE
m,Ku--------,1995,3900,BRONZE
w,Me--------,2005,7400,SILVER
w,Bi--------,1904,4500,SILVER
m,Sc--------,1981,6200,BRONZE
d,Kr--------,1979,7400,SILVER
m,Ko--------,1935,7200,PREMIUM
m,Wo--------,1996,1100,PREMIUM
w,Th--------,1974,8700,GOLD
m,Al--------,2008,3700,GOLD
d,Ma--------,1939,1400,SILVER
w,Ha--------,2011,8000,GOLD
m,Gü--------,1972,9500,PREMIUM
w,De--------,1926,9400,GOLD
d,We--------,1989,6300,GOLD
m,St--------,1973,4100,GOLD
w,Zo--------,1939,8800,GOLD
m,Ko--------,1910,4800,SILVER
d,Sc--------,2004,6300,PREMIUM
m,Wi--------,1989,1600,GOLD
m,Ah--------,1997,2900,PREMIUM
m,Bi--------,1970,6900,SILVER
w,Me--------,1972,3900,PREMIUM
w,Ju--------,1997,1600,BRONZE
w,Ei--------,1986,1000,GOLD
w,Di--------,1970,8400,BRONZE
w,Eh--------,1910,6100,GOLD
m,St--------,1985,3400,SILVER
m,Ar--------,1995,7400,BRONZE
w,Tö--------,1944,6500,SILVER
m,Ve--------,1922,3400,SILVER
w,Ru--------,1963,1100,PREMIUM
w,Ba--------,1967,4000,PREMIUM
m,Mc--------,1955,1100,SILVER
m,Uh--------,2015,1200,PREMIUM
m,Wo--------,2011,5400,BRONZE
w,Sa--------,2004,8400,BRONZE
m,Ri--------,1989,7700,PREMIUM
m,De--------,1937,2000,PREMIUM
m,De--------,1924,2500,PREMIUM
w,Me--------,1940,9500,PREMIUM
m,Eh--------,1919,4400,SILVER
w,Mc--------,1999,8200,PREMIUM
m,Ti--------,1945,1900,PREMIUM
m,Ze--------,1929,5000,PREMIUM
m,Fe--------,1948,1600,BRONZE
w,Ze--------,1931,6700,GOLD
m,Da--------,1985,3400,SILVER
d,Kr--------,1945,7400,GOLD
m,Gr--------,1903,1900,SILVER
w,Le--------,1932,8400,GOLD
w,Ru--------,1984,5200,BRONZE
w,Kn--------,2000,2700,BRONZE
m,Ni--------,1934,8800,SILVER
d,Bu--------,1917,6800,GOLD
d,Ho--------,1995,7400,SILVER
m,Ca--------,1995,1900,BRONZE
d,Kö--------,1932,9200,GOLD
m,Gr--------,1986,1400,PREMIUM
m,Te--------,2000,3900,PREMIUM
d,Ni--------,1982,7100,PREMIUM
m,Eh--------,2008,3000,BRONZE
m,St--------,1991,4100,PREMIUM
w,Hö--------,1926,7400,GOLD
m,He--------,1952,2700,BRONZE
m,Wi--------,1951,8300,GOLD
w,Ki--------,1952,1700,BRONZE
m,Be--------,1902,1000,GOLD
m,Du--------,2013,8100,PREMIUM
w,Hä--------,1923,6700,GOLD
w,Go--------,1986,8800,GOLD
m,Wa--------,1960,1200,GOLD
m,Va--------,1955,1600,SILVER
w,No--------,1987,6900,BRONZE
w,He--------,1990,1300,GOLD
m,Ur--------,1990,3600,PREMIUM
d,Mi--------,1942,1400,BRONZE
m,Od--------,2017,6500,GOLD
w,Sc--------,1992,3900,SILVER
m,Di--------,1952,1100,GOLD
w,Hö--------,1934,2700,SILVER
m,St--------,1970,8800,BRONZE
m,Pa--------,1964,2500,GOLD
m,He--------,1915,9500,GOLD
m,Ku--------,1942,3300,GOLD
m,Do--------,1930,1700,BRONZE
w,Fr--------,2013,4500,BRONZE
w,Fa--------,1960,2500,SILVER
w,La--------,1992,1800,SILVER
d,Kr--------,1998,6900,BRONZE
w,Ku--------,1999,6900,GOLD
m,La--------,1906,7700,BRONZE
m,Me--------,1997,3200,PREMIUM
m,Jo--------,1902,1000,BRONZE
d,Ka--------,1997,6700,PREMIUM
w,Ob--------,1948,8100,BRONZE
w,Ar--------,2001,3100,PREMIUM
m,Ko--------,1906,3600,BRONZE
w,St--------,1909,4900,GOLD
w,De--------,2006,3700,BRONZE
m,Ca--------,1911,6600,PREMIUM
m,Gr--------,1925,1800,BRONZE
m,Mi--------,1937,3200,BRONZE
w,Op--------,2019,2800,GOLD
m,Gu--------,1998,8200,PREMIUM
w,Ak--------,1969,6000,BRONZE
m,Ha--------,1927,6000,PREMIUM
w,Of--------,2010,2700,GOLD
m,Za--------,1962,8500,BRONZE
d,Sc--------,1950,8100,SILVER
m,Sc--------,1963,1600,PREMIUM
d,Ru--------,1926,3900,PREMIUM
w,Br--------,1987,1600,PREMIUM
w,Ha--------,1905,2800,SILVER
m,Sc--------,1976,4200,SILVER
m,Ni--------,2019,8800,PREMIUM
w,Ni--------,2010,8500,PREMIUM
w,Sc--------,1980,9200,BRONZE
d,Be--------,1944,1300,PREMIUM
m,Fa--------,1947,6900,GOLD
d,Kn--------,1943,6700,BRONZE
w,Br--------,2008,1500,GOLD
w,Be--------,1968,7400,BRONZE
d,Un--------,1903,5300,SILVER
m,Qu--------,1996,6000,SILVER
d,Hi--------,1982,6900,BRONZE
m,Fl--------,1904,6600,PREMIUM
w,Sc--------,1927,7500,PREMIUM
w,Ze--------,1992,6800,PREMIUM
m,We--------,1973,6600,PREMIUM
w,Tr--------,1953,8200,PREMIUM
m,Sc--------,1936,6600,BRONZE
w,Sa--------,2005,6500,GOLD
w,Se--------,1917,6700,SILVER
w,Ne--------,1982,3100,GOLD
w,Or--------,1907,5600,BRONZE
w,Ha--------,1907,1800,BRONZE
w,Ro--------,2009,6600,SILVER
m,Wö--------,1966,3400,BRONZE
w,Bu--------,1919,8500,PREMIUM
w,Ja--------,1907,5200,GOLD
w,Ha--------,2007,4000,SILVER
w,Sc--------,1910,8800,PREMIUM
d,Kr--------,1998,7100,GOLD
w,Ha--------,1997,8700,BRONZE
m,Iv--------,2015,2700,PREMIUM
m,St--------,1967,1700,BRONZE
m,Wi--------,2014,4500,PREMIUM
m,St--------,1931,3200,BRONZE
w,Am--------,1979,9500,PREMIUM
w,Li--------,1978,9000,PREMIUM
m,Ba--------,1941,3500,SILVER
m,Si--------,1926,4400,PREMIUM
w,Ro--------,1937,1400,BRONZE
w,Je--------,1999,1600,BRONZE
w,Ha--------,1926,5200,BRONZE
w,Bo--------,1991,9400,BRONZE
w,Rü--------,1988,1000,GOLD
w,Gu--------,1924,9400,PREMIUM
w,Le--------,1997,4400,GOLD
m,Wi--------,1921,8500,GOLD
w,Pl--------,1948,1400,BRONZE
m,El--------,1923,5400,BRONZE
w,Re--------,1968,8700,SILVER
w,Se--------,1902,9200,BRONZE
m,Mi--------,1990,3000,PREMIUM
w,Wr--------,2005,3300,PREMIUM
w,Uh--------,2015,1600,BRONZE
m,We--------,1972,3800,GOLD
w,Br--------,2012,4400,SILVER
w,Pe--------,1910,8500,GOLD
m,We--------,1946,4200,BRONZE
d,Bu--------,1945,6200,SILVER
d,St--------,1968,8500,PREMIUM
d,Br--------,2018,1500,BRONZE
d,Fl--------,1910,4500,GOLD
w,Ne--------,1984,6300,SILVER
m,Nö--------,1973,5600,GOLD
w,Po--------,1989,4500,GOLD
d,Pr--------,1988,9100,PREMIUM
m,Me--------,1936,6400,GOLD
w,Hu--------,2016,1600,GOLD
w,Do--------,2016,1800,BRONZE
w,Me--------,1934,2700,PREMIUM
m,Tr--------,1905,3200,BRONZE
d,La--------,1999,2200,GOLD
w,Ge--------,1974,6500,BRONZE
w,Wi--------,1985,8000,BRONZE
m,St--------,1984,1600,SILVER
m,Kn--------,2004,7100,GOLD
m,Kö--------,1912,9400,GOLD
w,Eh--------,1977,7200,PREMIUM
m,Ha--------,1999,3900,PREMIUM
w,Kr--------,1982,3500,GOLD
m,Ru--------,1968,7400,GOLD
m,Ar--------,1920,7400,BRONZE
m,He--------,2013,8500,BRONZE
m,Wü--------,2014,6900,SILVER
m,Wo--------,1989,2000,GOLD
w,St--------,2012,1400,BRONZE
m,Br--------,1925,1800,GOLD
d,Co--------,1993,2500,BRONZE
d,Kn--------,2011,1500,GOLD
w,Sc--------,1989,1000,SILVER
m,Ba--------,1918,1900,BRONZE
w,Ki--------,1944,1500,BRONZE
m,Hu--------,1928,5200,BRONZE
m,Kl--------,1969,7400,BRONZE
m,Ko--------,1945,3900,PREMIUM
m,Ne--------,2010,3200,GOLD
m,Th--------,1905,7100,GOLD
d,Le--------,1915,3400,BRONZE
m,Ve--------,2019,1600,GOLD
w,Sc--------,1958,6500,PREMIUM
w,Bä--------,1956,1900,GOLD
m,Al--------,1999,9600,BRONZE
w,Kn--------,1944,1600,BRONZE
m,Li--------,1928,2500,PREMIUM
w,Bo--------,2019,9400,BRONZE
m,Wi--------,1965,8500,SILVER
w,Sö--------,1945,9400,SILVER
m,Le--------,1927,8200,SILVER
m,Me--------,1968,5000,SILVER
w,De--------,1974,9600,GOLD
m,Ma--------,1931,8500,GOLD
w,Ku--------,1973,1000,GOLD
w,Gö--------,2011,8200,SILVER
w,Ge--------,1927,8400,PREMIUM
m,Se--------,1965,1000,SILVER
w,Zo--------,1982,1300,SILVER
w,Cu--------,1937,3200,BRONZE
m,Ho--------,2007,6800,BRONZE
d,Rö--------,1913,3300,PREMIUM
m,Sc--------,1994,5600,PREMIUM
d,Tr--------,1945,7400,BRONZE
m,St--------,1942,8300,PREMIUM
w,Bi--------,1990,1900,GOLD
d,Sk--------,1926,1600,PREMIUM
w,Ma--------,1992,7400,PREMIUM
m,Le--------,1932,3800,SILVER
w,Fi--------,1973,3600,GOLD
m,Ri--------,1974,6600,GOLD
m,Bo--------,2014,6100,SILVER
w,La--------,1964,6600,PREMIUM
d,Bo--------,1921,6000,PREMIUM
m,Ba--------,1911,1500,BRONZE
w,Ma--------,1980,1800,SILVER
m,Kr--------,1924,2300,SILVER
w,Em--------,2015,1300,PREMIUM
m,Ho--------,1977,3500,PREMIUM
m,As--------,1998,1400,GOLD
m,We--------,1932,1400,BRONZE
m,He--------,1912,8100,PREMIUM
m,Mä--------,1958,6600,GOLD
w,Ca--------,2015,1200,BRONZE
w,Dü--------,1980,1900,BRONZE
w,La--------,1979,4400,GOLD
w,Re--------,1969,1400,SILVER
m,Bo--------,1994,1700,PREMIUM
m,Ne--------,2003,6400,BRONZE
m,Bo--------,1939,8900,PREMIUM
m,Me--------,2019,1200,BRONZE
w,Re--------,1960,7400,BRONZE
m,Ig--------,1909,3200,BRONZE
w,Gr--------,2009,3500,PREMIUM
d,Ru--------,1992,1300,SILVER
m,Kö--------,1941,1700,GOLD
m,Ku--------,1911,3900,PREMIUM
w,An--------,1982,1800,BRONZE
w,Ge--------,2005,3800,PREMIUM
w,Ma--------,1966,8300,SILVER
m,Kr--------,1954,1500,SILVER
w,Kr--------,1962,6600,PREMIUM
d,Er--------,1908,3600,SILVER
w,Ji--------,1912,5100,GOLD
m,Se--------,1939,3500,GOLD
w,Ei--------,1934,8500,PREMIUM
w,Qu--------,1908,6700,BRONZE
d,Vi--------,1914,7300,GOLD
m,Wi--------,1906,1600,SILVER
w,Ga--------,1925,4600,PREMIUM
w,Me--------,1941,4300,SILVER
m,Ka--------,1951,2500,GOLD
m,Kn--------,1961,3200,BRONZE
m,Br--------,1954,3400,PREMIUM
m,Mi--------,1937,9500,PREMIUM
w,Bu--------,1908,4900,BRONZE
m,He--------,1909,7200,BRONZE
m,Lu--------,1906,4000,BRONZE
w,Ha--------,2008,1900,PREMIUM
m,St--------,1965,6900,PREMIUM
w,Sc--------,1930,6300,GOLD
m,Dü--------,1946,1200,BRONZE
m,Bü--------,1938,1000,SILVER
d,Bi--------,1930,4400,BRONZE
m,Go--------,1957,1200,BRONZE
m,Du--------,1906,5600,BRONZE
m,He--------,1972,5000,PREMIUM
w,Sc--------,1941,1800,GOLD
m,Ke--------,1947,4500,BRONZE
w,Ke--------,1979,8800,BRONZE
m,Hi--------,1944,8900,BRONZE
w,Pr--------,1963,8800,SILVER
w,Sü--------,1974,6100,SILVER
w,Mö--------,2013,5600,PREMIUM
w,Ca--------,2009,9500,SILVER
m,Kr--------,1949,7500,SILVER
w,Ha--------,1916,7200,GOLD
m,Kü--------,1939,5400,GOLD
w,Ki--------,1988,1900,PREMIUM
m,Gü--------,1984,6900,PREMIUM
w,Ho--------,2007,6900,SILVER
m,Vo--------,1970,2500,BRONZE
m,Dr--------,2005,6900,BRONZE
d,Hi--------,2015,5100,SILVER
d,Do--------,1964,1100,GOLD
w,Ge--------,1921,3300,GOLD
w,He--------,1908,2700,GOLD
w,Do--------,1916,1600,PREMIUM
m,Wü--------,2016,1000,PREMIUM
w,Si--------,1953,9500,PREMIUM
w,Pe--------,1912,8100,BRONZE
w,Ki--------,1923,1600,GOLD
m,Eb--------,1957,3500,BRONZE
m,Is--------,1921,3100,GOLD
d,Ku--------,1954,3400,SILVER
m,Da--------,1946,4300,BRONZE
w,Kl--------,2012,3200,BRONZE
w,Be--------,1922,8000,PREMIUM
w,Ts--------,1923,8500,SILVER
w,Wi--------,1948,4400,GOLD
m,Fi--------,1932,5600,SILVER
w,Br--------,2018,1700,PREMIUM
m,Be--------,1907,3000,PREMIUM
m,Eg--------,1997,3700,GOLD
m,Ue--------,1936,1600,GOLD
w,Bi--------,1939,1400,SILVER
w,Re--------,2005,3900,GOLD
w,Ro--------,2003,7200,GOLD
d,Sp--------,1916,6600,PREMIUM
w,Re--------,1943,1700,BRONZE
m,Kö--------,2020,1800,BRONZE
m,Pf--------,2013,9400,PREMIUM
w,He--------,1911,1400,SILVER
d,Kr--------,1961,3500,SILVER
m,We--------,1912,8600,PREMIUM
w,Po--------,1914,6700,BRONZE
w,We--------,1978,4200,BRONZE
m,Se--------,1920,1100,BRONZE
m,Us--------,1968,1400,SILVER
m,Ma--------,1953,1900,SILVER
m,St--------,1990,2700,GOLD
d,Te--------,1920,1600,PREMIUM
w,Bi--------,1939,8000,GOLD
w,Ri--------,1918,5500,BRONZE
m,Vö--------,1932,8800,GOLD
m,Pf--------,1958,2700,PREMIUM
m,Al--------,1945,8800,GOLD
d,Bo--------,1973,6500,PREMIUM
w,Wö--------,2013,8700,BRONZE
w,Br--------,1966,1900,BRONZE
w,Ka--------,1970,8500,PREMIUM
m,Za--------,1943,1200,GOLD
w,Sc--------,1932,9400,GOLD
d,Rö--------,1970,4800,PREMIUM
w,He--------,1938,3800,BRONZE
m,Zo--------,1965,1200,GOLD
m,Le--------,1929,1700,GOLD
m,Op--------,1997,1700,GOLD
d,Ha--------,1929,8400,BRONZE
m,Ma--------,1990,1600,PREMIUM
m,Bö--------,2014,6500,BRONZE
d,Gr--------,1939,5000,SILVER
w,Sc--------,2010,1600,SILVER
w,Mü--------,1931,2000,SILVER
m,Wa--------,1911,6700,GOLD
w,Bl--------,1961,1900,GOLD
m,Oc--------,2015,6600,GOLD
d,Bl--------,1995,1100,GOLD
m,St--------,1946,6200,GOLD
w,Il--------,1928,6400,PREMIUM
w,Pl--------,1986,2000,GOLD
w,Wa--------,1940,4100,GOLD
w,Gu--------,1968,4400,BRONZE
m,Sc--------,1998,2200,SILVER
m,Fr--------,1913,1700,GOLD
w,Sc--------,2007,4700,PREMIUM
m,Gr--------,1902,7400,SILVER
w,Cl--------,1943,3400,BRONZE
m,Te--------,1972,2800,BRONZE
w,Pa--------,1995,1500,BRONZE
m,Dä--------,1933,6600,SILVER
w,Le--------,1973,3700,PREMIUM
m,Lo--------,1984,3500,SILVER
d,Do--------,1933,9400,PREMIUM
m,Pö--------,1976,7400,SILVER
m,We--------,1965,4600,PREMIUM
m,Sa--------,2005,6300,PREMIUM
w,Je--------,1943,1900,PREMIUM
w,Ge--------,2002,1500,GOLD
w,Dr--------,1929,1900,PREMIUM
w,Kn--------,1967,9100,PREMIUM
m,Wi--------,1971,3100,PREMIUM
w,Ma--------,1971,1800,GOLD
w,Gi--------,1982,7100,BRONZE
m,Di--------,1902,6300,PREMIUM
m,Te--------,1902,5000,GOLD
m,He--------,1930,3100,SILVER
w,Mu--------,1978,5600,PREMIUM
m,Fr--------,1981,6400,PREMIUM
w,We--------,1937,6800,GOLD
m,Nu--------,1928,6900,PREMIUM
m,Vä--------,1978,4300,BRONZE
m,La--------,1967,1200,BRONZE
m,Bu--------,1913,9600,BRONZE
w,Pe--------,1933,3500,GOLD
d,Ja--------,2018,6700,GOLD
d,Lo--------,1983,1700,SILVER
w,Cl--------,1992,8700,SILVER
m,No--------,1992,4100,SILVER
w,Ku--------,1998,3000,PREMIUM
w,Ni--------,1997,9600,BRONZE
m,He--------,2016,1200,GOLD
m,Bu--------,1922,1000,GOLD
w,Br--------,1942,7500,SILVER
w,Be--------,1927,2300,BRONZE
w,We--------,1905,1800,PREMIUM
w,Wa--------,1986,3200,GOLD
m,Ob--------,1984,2500,SILVER
w,Ha--------,2008,1400,GOLD
m,Ba--------,1985,9200,SILVER
w,Gr--------,1985,6800,SILVER
m,Ka--------,1995,1100,SILVER
w,Ko--------,1965,7200,SILVER
m,Nö--------,1941,1000,GOLD
m,Kr--------,1968,8200,GOLD
d,Zö--------,2015,2900,BRONZE
m,We--------,1983,2500,GOLD
w,Fe--------,1999,1900,PREMIUM
m,Ca--------,1954,7400,GOLD
m,Le--------,1993,6000,PREMIUM
d,Ke--------,2010,1400,PREMIUM
m,Mi--------,1936,4000,GOLD
m,St--------,1961,3900,PREMIUM
d,Bu--------,1996,1000,BRONZE
m,Kr--------,1941,1800,SILVER
m,Sa--------,2004,8800,GOLD
m,Su--------,1984,1400,SILVER
m,Be--------,1933,1900,BRONZE
m,Be--------,1918,1700,PREMIUM
m,Po--------,1942,2800,SILVER
w,Mü--------,1998,5200,GOLD
m,Ce--------,1961,9300,BRONZE
m,He--------,1912,6800,PREMIUM
w,Lü--------,1936,3200,BRONZE
m,St--------,1942,7100,BRONZE
m,Re--------,1981,8800,GOLD
m,Pa--------,1919,8800,SILVER
w,Ko--------,1954,3400,GOLD
m,Um--------,1936,2800,BRONZE
w,Vo--------,1966,7600,GOLD
d,Ne--------,1916,8100,SILVER
m,Fl--------,2006,1000,GOLD
w,Re--------,2001,1100,PREMIUM
m,Kr--------,1941,3900,PREMIUM
w,An--------,1999,1400,SILVER
m,Du--------,1927,5300,PREMIUM
m,Me--------,1917,8300,SILVER
w,Ne--------,1913,2500,GOLD
m,Oe--------,1977,5300,PREMIUM
w,Ba--------,1910,9000,GOLD
w,Sp--------,1932,3900,BRONZE
w,Ku--------,1952,6400,BRONZE
d,Mä--------,1948,7200,SILVER
w,Ma--------,1915,4600,PREMIUM
m,Ha--------,1934,7600,BRONZE
m,Sc--------,1937,6800,SILVER
w,Sa--------,1933,6300,GOLD
m,Le--------,1912,1200,SILVER
m,Ri--------,1947,4500,GOLD
d,Mo--------,2000,4400,PREMIUM
m,Ne--------,1962,2100,BRONZE
m,Br--------,1982,9000,PREMIUM
w,Wu--------,1923,8500,BRONZE
m,Do--------,1951,6100,BRONZE
m,Da--------,1983,1200,BRONZE
w,Wi--------,1984,6900,BRONZE
m,Ki--------,1925,3500,PREMIUM
w,Ge--------,1995,8700,PREMIUM
d,Op--------,1932,6400,BRONZE
m,Hi--------,1970,3900,PREMIUM
m,Kn--------,1934,1900,GOLD
w,Ru--------,1965,8200,GOLD
m,Bu--------,1986,6300,BRONZE
w,He--------,1925,2000,BRONZE
w,Be--------,1965,9400,SILVER
w,Bi--------,1907,7400,SILVER
w,Be--------,1935,2600,PREMIUM
w,Kü--------,1981,6000,BRONZE
d,Br--------,1935,9500,BRONZE
w,Re--------,1938,8000,SILVER
m,Ba--------,1952,5000,PREMIUM
d,Ha--------,1931,1100,PREMIUM
m,Wi--------,1941,4600,SILVER
w,Bi--------,1938,1400,PREMIUM
w,Si--------,1967,4300,SILVER
m,Me--------,2012,7600,SILVER
d,Be--------,2005,1300,SILVER
m,Mü--------,1956,3000,BRONZE
m,Ol--------,1958,9200,SILVER
w,Ha--------,2008,7300,SILVER
w,We--------,1910,3900,BRONZE
m,St--------,1918,8800,GOLD
d,Re--------,1946,3200,GOLD
m,Un--------,1907,3000,PREMIUM
d,Wö--------,2006,6500,GOLD
m,En--------,1962,8400,PREMIUM
w,Ne--------,2010,1900,PREMIUM
m,Fr--------,1990,1700,BRONZE
m,Ho--------,1930,7600,SILVER
w,Th--------,1965,9000,GOLD
w,Hu--------,1993,1300,SILVER
m,Eb--------,1967,1900,SILVER
m,Dr--------,1946,8200,GOLD
w,Pe--------,1970,3600,PREMIUM
m,St--------,2017,6700,SILVER
w,Sc--------,2011,4700,SILVER
w,Bu--------,1987,1500,SILVER
m,He--------,1985,2700,BRONZE
m,St--------,1986,3600,PREMIUM
w,Bi--------,1980,3900,SILVER
d,Ru--------,2008,1900,SILVER
w,Lo--------,1964,3900,SILVER
w,Ru--------,2006,8500,GOLD
m,Go--------,1995,6200,GOLD
w,Ro--------,1993,3600,SILVER
m,Si--------,1985,4800,GOLD
w,Bi--------,1922,9600,SILVER
m,Po--------,1933,1700,PREMIUM
m,Bo--------,1920,6800,PREMIUM
m,Il--------,1931,8500,PREMIUM
w,Lü--------,1952,3600,SILVER
w,Ja--------,1968,8400,PREMIUM
m,Ve--------,2015,1700,SILVER
m,Ri--------,1909,2700,PREMIUM
m,De--------,1989,3400,GOLD
m,Ha--------,1949,3900,SILVER
m,Me--------,1928,4500,BRONZE
w,Du--------,1998,4000,GOLD
w,Da--------,1972,3100,PREMIUM
m,Ri--------,1938,6400,BRONZE
w,Ei--------,1916,8200,BRONZE
w,St--------,1903,6300,PREMIUM
d,El--------,1984,1100,GOLD
w,Ho--------,1937,5200,GOLD
w,Mo--------,1989,3800,PREMIUM
w,Ol--------,1962,1700,PREMIUM
m,Ku--------,1921,3000,GOLD
w,He--------,2015,7100,GOLD
m,Re--------,1971,4400,BRONZE
w,Ga--------,1940,3500,GOLD
w,Ur--------,1958,8100,SILVER
m,Li--------,1995,6700,BRONZE
w,Oh--------,1969,3200,BRONZE
m,Va--------,1976,3500,PREMIUM
w,Re--------,1974,4900,GOLD
w,As--------,1942,1900,PREMIUM
w,Dr--------,2000,7000,GOLD
m,Gr--------,1911,4500,SILVER
m,We--------,1907,4400,BRONZE
d,Sc--------,1916,5000,PREMIUM
w,Sc--------,1927,3400,PREMIUM
m,Ho--------,1934,1200,GOLD
m,Ba--------,1978,4500,GOLD
m,Gä--------,1953,4100,BRONZE
w,Fa--------,1970,6600,BRONZE
m,Sa--------,1957,8000,SILVER
m,Pe--------,2002,6300,PREMIUM
m,Kl--------,1988,9500,BRONZE
m,Be--------,2015,6800,PREMIUM
w,He--------,1912,8700,GOLD
m,We--------,1997,1600,GOLD
w,La--------,1989,3700,SILVER
w,No--------,1909,3900,BRONZE
m,Wi--------,1957,3200,PREMIUM
d,Ma--------,1931,3200,GOLD
m,Pl--------,1954,1000,SILVER
d,Po--------,1962,2800,SILVER
w,So--------,1933,7000,SILVER
w,Ru--------,1967,1200,GOLD
m,La--------,1935,6100,PREMIUM
w,Su--------,1941,2000,BRONZE
w,De--------,1944,1200,BRONZE
m,Ko--------,1977,6700,SILVER
m,Ma--------,1918,8300,PREMIUM
m,Ko--------,1986,4000,GOLD
d,Li--------,1996,3200,PREMIUM
d,Be--------,1939,1000,PREMIUM
m,Br--------,1949,1200,SILVER
w,Hi--------,2018,1200,BRONZE
w,We--------,1936,8100,GOLD
m,Sc--------,2006,6400,PREMIUM
w,Ho--------,2015,2300,PREMIUM
w,Zo--------,1978,6900,GOLD
m,Po--------,1934,5200,GOLD
d,Be--------,2000,2100,SILVER
m,Ho--------,2015,1900,BRONZE
w,Ne--------,2007,8200,GOLD
w,Bä--------,2006,9400,SILVER
w,St--------,1942,3700,PREMIUM
w,He--------,1955,5300,SILVER
m,Ha--------,1930,2700,GOLD
m,No--------,2012,6900,BRONZE
w,Pl--------,1949,5000,PREMIUM
d,Re--------,1972,8500,BRONZE
w,We--------,1902,9000,BRONZE
m,Kl--------,1977,8200,PREMIUM
w,Ra--------,1965,2600,GOLD
m,Lü--------,2016,1700,SILVER
m,Of--------,2000,3200,GOLD
m,St--------,1963,1600,SILVER
m,Gr--------,2013,1900,PREMIUM
w,Gö--------,1981,3200,GOLD
w,De--------,1965,7200,GOLD
m,Sc--------,1997,1900,SILVER
w,St--------,1955,7200,PREMIUM
m,Zä--------,1953,6300,SILVER
m,Pf--------,1966,6200,GOLD
w,Ga--------,1929,1000,BRONZE
w,Eb--------,2013,1600,SILVER
m,Lü--------,1936,2100,GOLD
w,An--------,1976,2900,GOLD
w,Hü--------,1940,1600,SILVER
m,Bo--------,2001,3900,SILVER
m,Rö--------,1982,2500,PREMIUM
w,Ri--------,1920,1900,GOLD
w,Ba--------,1930,8700,PREMIUM
d,Kü--------,1979,6500,PREMIUM
w,He--------,1987,8100,BRONZE
w,Ei--------,1940,6000,BRONZE
w,Fe--------,1959,7200,GOLD
m,Fr--------,1926,2800,BRONZE
m,Wö--------,2010,3600,SILVER
m,Pf--------,1984,1500,SILVER
w,Br--------,2014,1700,PREMIUM
m,Ur--------,1963,3200,PREMIUM
d,Sc--------,1907,4400,GOLD
m,Bu--------,1920,9500,BRONZE
m,Kö--------,1947,6900,GOLD
d,Wi--------,1957,1000,GOLD
w,Ca--------,2013,6700,GOLD
w,Sc--------,1925,1200,SILVER
w,Ko--------,1988,1800,GOLD
d,Ba--------,2000,1100,BRONZE
m,Wa--------,2014,4400,SILVER
m,Ro--------,1930,8500,BRONZE
w,Be--------,1970,9000,PREMIUM
w,Lü--------,2020,8200,SILVER
m,Fr--------,2007,8200,PREMIUM
w,Rö--------,1955,1700,PREMIUM
w,Fl--------,1926,8500,SILVER
w,Ha--------,2019,1300,GOLD
m,Qu--------,1904,5700,GOLD
w,Gr--------,1975,4900,PREMIUM
m,Bu--------,2004,8400,PREMIUM
w,Ko--------,1995,6600,PREMIUM
m,We--------,1911,6600,PREMIUM
m,Ru--------,1985,1000,SILVER
m,We--------,1943,6500,SILVER
m,Me--------,1988,6400,PREMIUM
w,Po--------,2014,6600,BRONZE
m,Kr--------,1933,2900,PREMIUM
d,Hu--------,1964,3800,PREMIUM
m,Fa--------,1994,8700,BRONZE
m,Ga--------,1958,8100,BRONZE
m,No--------,2018,8200,GOLD
w,Bu--------,1910,3900,SILVER
m,Ku--------,1926,4200,BRONZE
w,Ma--------,1952,3400,BRONZE
w,Ka--------,1975,8200,PREMIUM
m,Ke--------,1991,1700,BRONZE
w,Le--------,2004,1900,PREMIUM
w,Sc--------,1990,1400,GOLD
w,Lo--------,1998,8900,PREMIUM
w,Ei--------,2017,6700,SILVER
m,Ka--------,1908,1700,BRONZE
d,Fa--------,1987,6600,PREMIUM
m,Gü--------,2018,5600,SILVER
w,Th--------,1903,1000,SILVER
d,Kn--------,2011,9500,GOLD
w,Wi--------,1973,9400,PREMIUM
m,Sc--------,1993,8100,PREMIUM
m,Lu--------,1947,5600,SILVER
m,Je--------,2010,5200,BRONZE
m,Ma--------,1940,1300,SILVER
m,Ha--------,1943,8700,PREMIUM
w,Hu--------,1971,1700,GOLD
w,Le--------,1998,2800,SILVER
w,An--------,1980,8200,SILVER
m,Rü--------,2020,1000,BRONZE
w,Gr--------,1943,3300,PREMIUM
m,Ho--------,1926,6700,GOLD
d,Se--------,1968,3900,GOLD
m,Sc--------,2013,6500,GOLD
m,Go--------,1948,1700,GOLD
m,Kr--------,1974,1600,PREMIUM
w,Dü--------,1978,3900,BRONZE
m,Ka--------,1938,8100,PREMIUM
m,Ri--------,1915,3700,BRONZE
m,Ha--------,1985,3600,GOLD
w,Hä--------,1969,9400,PREMIUM
w,Ku--------,1994,1800,PREMIUM
d,Kl--------,2020,8100,PREMIUM
m,St--------,1938,2800,GOLD
m,Do--------,1926,6800,PREMIUM
w,Ra--------,2016,9100,BRONZE
m,Ha--------,1994,7100,BRONZE
w,Bi--------,1987,6100,SILVER
w,La--------,1937,1600,GOLD
w,Rö--------,1947,5000,SILVER
m,Ne--------,1951,1500,GOLD
w,Li--------,1944,3200,SILVER
w,Mo--------,1946,3700,BRONZE
d,Ze--------,1932,9500,PREMIUM
m,Ze--------,1966,5700,PREMIUM
w,St--------,1941,6500,SILVER
m,Eb--------,2002,4000,GOLD
m,Hü--------,1999,9100,GOLD
m,Vo--------,1916,1200,SILVER
w,He--------,1978,9200,BRONZE
w,Br--------,1981,1400,BRONZE
m,Me--------,1993,3900,PREMIUM
w,St--------,2008,8500,SILVER
m,Sc--------,2019,8400,GOLD
w,Br--------,1931,2900,GOLD
w,Ka--------,1925,2800,PREMIUM
m,Ga--------,1981,9300,GOLD
w,Ju--------,1951,6100,BRONZE
w,Ge--------,1956,8400,GOLD
m,Em--------,2001,3700,PREMIUM
m,Mü--------,1966,1900,SILVER
w,St--------,2007,6900,SILVER
m,Gl--------,1928,3600,SILVER
w,Ko--------,1956,3800,GOLD
w,Du--------,1917,5400,GOLD
w,Lü--------,1982,8800,SILVER
d,Cu--------,2006,9400,BRONZE
m,Ko--------,1993,1200,SILVER
d,Ta--------,1983,1900,SILVER
m,La--------,1999,9600,GOLD
w,Ca--------,1948,8500,SILVER
w,We--------,1942,5000,PREMIUM
m,We--------,2000,1400,PREMIUM
m,Me--------,1999,3800,PREMIUM
m,Do--------,1934,6100,GOLD
w,Mi--------,1936,3200,SILVER
w,Sc--------,2013,6200,SILVER
d,St--------,1946,1400,SILVER
w,Ro--------,1958,1500,SILVER
w,Do--------,1922,1600,GOLD
m,He--------,1942,6000,BRONZE
m,Re--------,1914,2600,SILVER
m,Hu--------,1990,3900,GOLD
w,Mo--------,1919,8700,GOLD
m,He--------,1956,4400,SILVER
m,Li--------,1941,2900,BRONZE
m,Ri--------,1973,9500,BRONZE
m,Po--------,1965,3500,PREMIUM
d,De--------,1924,8100,SILVER
m,Kl--------,1913,3800,PREMIUM
m,Kn--------,2004,1200,PREMIUM
m,La--------,1910,7100,BRONZE
w,Re--------,1952,5200,GOLD
m,Ch--------,1969,2900,GOLD
w,Bo--------,2020,3900,BRONZE
m,Se--------,1950,2800,SILVER
m,Ne--------,1916,6400,SILVER
w,Ho--------,1961,3500,BRONZE
m,Ha--------,1946,1700,GOLD
m,Ka--------,1985,2000,PREMIUM
m,St--------,1953,3200,GOLD
m,Fe--------,1941,4400,PREMIUM
w,Li--------,2001,8000,BRONZE
m,Gr--------,1948,7500,SILVER
w,Di--------,1925,4700,SILVER
m,Wü--------,2007,7100,PREMIUM
w,Sp--------,1947,1200,BRONZE
w,Ma--------,2007,9300,PREMIUM
w,Be--------,1918,8200,GOLD
w,Le--------,1988,8400,PREMIUM
w,Ko--------,1983,4100,GOLD
m,Fr--------,1928,1200,PREMIUM
m,Wi--------,2015,4500,SILVER
m,Kö--------,2018,3100,BRONZE
w,En--------,2017,3100,PREMIUM
w,Ba--------,1968,8600,GOLD
w,Tr--------,1999,8800,GOLD
d,Mo--------,1909,2800,BRONZE
w,Li--------,2012,3100,PREMIUM
m,He--------,1964,6000,SILVER
w,Ro--------,1918,3200,SILVER
w,Ei--------,1932,8200,GOLD
m,Zi--------,1965,5400,BRONZE
d,Si--------,1915,3100,BRONZE
m,Ov--------,1917,7500,GOLD
m,Ha--------,1974,6000,SILVER
d,Da--------,1972,1200,PREMIUM
w,Bl--------,1904,1900,SILVER
m,Me--------,1910,3800,PREMIUM
w,Me--------,1903,5000,BRONZE
m,Sc--------,1987,6500,BRONZE
w,Wa--------,1948,3200,SILVER
w,Kn--------,1969,8800,GOLD
w,Be--------,1955,1900,GOLD
m,Li--------,1989,9100,BRONZE
w,Ba--------,1950,6600,BRONZE
w,Br--------,1975,1600,BRONZE
m,Ba--------,1970,6900,GOLD
w,Li--------,1904,3300,BRONZE
m,St--------,2010,8200,PREMIUM
m,Th--------,1906,7000,PREMIUM
m,Da--------,1918,1200,PREMIUM
m,Lu--------,2019,9600,BRONZE
m,St--------,1963,3900,BRONZE
w,Mo--------,1967,7400,SILVER
m,Th--------,1913,6600,SILVER
d,An--------,1980,4200,SILVER
m,Vo--------,1905,7400,SILVER
m,Dö--------,2001,6800,PREMIUM
w,Kl--------,1984,4400,GOLD
m,Au--------,1977,7400,PREMIUM
w,Kr--------,1931,8100,PREMIUM
w,Me--------,1969,9400,BRONZE
d,Bü--------,1942,8800,SILVER
d,Kö--------,1902,3700,BRONZE
m,Do--------,1970,4500,BRONZE
w,Me--------,1948,6400,SILVER
w,We--------,1967,3400,GOLD
d,Fl--------,1982,9400,PREMIUM
d,Kn--------,1981,8000,PREMIUM
m,Rü--------,1917,4500,SILVER
m,Na--------,1990,8500,BRONZE
m,Pr--------,1908,1100,GOLD
w,Fe--------,2012,1700,PREMIUM
d,Re--------,1999,3100,SILVER
m,Kü--------,1972,8500,SILVER
m,Ku--------,1998,6000,SILVER
m,We--------,1941,6900,PREMIUM
m,Am--------,1964,2600,GOLD
w,Te--------,1976,7400,BRONZE
w,Sc--------,2018,6500,GOLD
w,Th--------,1913,1300,BRONZE
w,Li--------,1909,8500,SILVER
d,Ro--------,2011,3300,SILVER
d,Pr--------,1998,3900,SILVER
w,Br--------,1961,6900,SILVER
d,Ki--------,1961,8900,GOLD
m,Ho--------,1912,6000,SILVER
w,Sc--------,1964,1700,GOLD
m,Es--------,1975,8300,SILVER
m,Pe--------,1976,3700,BRONZE
w,Ra--------,1996,6700,PREMIUM
w,Sa--------,1925,8500,BRONZE
m,Ha--------,1982,3000,BRONZE
m,Ma--------,1945,3400,GOLD
w,Fü--------,1955,6700,PREMIUM
m,Go--------,1931,8600,SILVER
w,Th--------,1919,9300,BRONZE
w,Pi--------,1954,6200,PREMIUM
w,De--------,1907,1500,BRONZE
m,Mo--------,1960,6200,PREMIUM
m,Re--------,1977,6000,GOLD
w,He--------,2010,4100,GOLD
w,Hö--------,2017,3900,SILVER
m,Du--------,1992,2500,GOLD
m,Dö--------,1966,8100,GOLD
m,Ei--------,1928,1600,SILVER
d,Da--------,1916,5200,SILVER
w,Mü--------,1959,2000,BRONZE
w,Kl--------,2015,2000,PREMIUM
d,Sc--------,1930,3900,PREMIUM
w,We--------,2016,6900,BRONZE
d,As--------,1966,5700,BRONZE
w,Go--------,1979,9500,SILVER
m,Li--------,1978,3600,SILVER
m,Ho--------,1954,3600,BRONZE
m,Ba--------,2011,6400,BRONZE
w,Ha--------,1999,9400,PREMIUM
m,Co--------,1925,1900,GOLD
w,Jö--------,1951,3000,BRONZE
m,Gu--------,1948,6100,BRONZE
w,Ha--------,1960,6500,PREMIUM
m,Ju--------,2007,1000,GOLD
w,Lö--------,1950,1200,SILVER
w,Ho--------,1947,3900,PREMIUM
m,Ko--------,1960,1500,GOLD
m,Fr--------,1922,3900,PREMIUM
w,Al--------,1962,8400,BRONZE
d,Ru--------,1928,1400,GOLD
d,Ak--------,1921,7500,BRONZE
w,Gm--------,1994,1400,PREMIUM
w,Du--------,2013,1600,BRONZE
m,Do--------,1957,3500,SILVER
m,Sc--------,1968,4600,SILVER
m,He--------,1977,5600,BRONZE
m,Bo--------,1957,8300,BRONZE
m,Ba--------,2011,4400,PREMIUM
w,Sc--------,1974,6700,GOLD
w,Gr--------,1965,2000,SILVER
m,Ke--------,2017,8200,GOLD
d,Ki--------,2004,1400,BRONZE
w,Wü--------,2008,8100,SILVER
w,Am--------,1981,7100,SILVER
m,Uh--------,1966,1600,SILVER
w,Br--------,1943,6200,PREMIUM
m,Hü--------,1936,3700,SILVER
m,Ri--------,1979,4900,GOLD
m,Ka--------,1931,5600,PREMIUM
m,He--------,2003,1900,GOLD
m,Sc--------,1936,7100,BRONZE
m,Te--------,2008,7000,GOLD
m,Da--------,1932,4900,SILVER
w,Br--------,1917,6300,PREMIUM
m,Me--------,1919,8000,PREMIUM
w,Ka--------,1995,2900,GOLD
m,Pe--------,1939,1600,GOLD
w,Po--------,2018,2500,SILVER
w,Tä--------,1997,4600,SILVER
m,En--------,1931,6300,GOLD
m,Br--------,1937,1700,BRONZE
m,Do--------,1908,7200,PREMIUM
w,Lö--------,1991,3200,SILVER
d,Sa--------,1955,8300,PREMIUM
w,Sc--------,1968,6400,GOLD
w,Kr--------,1908,8300,PREMIUM
m,Re--------,1945,4400,GOLD
w,Wi--------,1912,8000,BRONZE
w,Ec--------,1973,7500,GOLD
w,St--------,1915,1900,GOLD
m,Pr--------,1998,1100,GOLD
w,De--------,1948,6300,SILVER
d,We--------,1955,8200,GOLD
w,St--------,1971,3000,BRONZE
m,Ri--------,1970,4500,GOLD
w,Wu--------,2004,2600,GOLD
w,Lu--------,1969,4500,SILVER
m,Mi--------,1908,3000,PREMIUM
w,La--------,1962,3300,GOLD
m,Gu--------,1951,4500,BRONZE
w,So--------,1938,2500,BRONZE
w,St--------,1989,7400,GOLD
w,St--------,2009,9100,SILVER
w,Ka--------,1960,1600,GOLD
w,Tr--------,1939,3100,BRONZE
d,Pr--------,1923,3300,SILVER
w,Br--------,1999,1300,GOLD
m,Ga--------,1948,2500,SILVER
w,Re--------,2001,3800,BRONZE
w,Mo--------,1916,3100,PREMIUM
m,St--------,1953,9400,BRONZE
w,Lo--------,1939,4900,SILVER
w,Ne--------,1932,5300,PREMIUM
m,Do--------,2015,4800,BRONZE
w,Wa--------,1982,1900,PREMIUM
w,He--------,1999,7300,SILVER
w,Av--------,1949,8100,SILVER
m,Ei--------,2000,7500,SILVER
m,Ki--------,2001,1900,SILVER
m,Mu--------,2000,7200,SILVER
m,De--------,1965,5600,BRONZE
w,Ze--------,1919,4500,BRONZE
w,Ue--------,1938,6400,GOLD
w,Ec--------,1999,3900,GOLD
m,Me--------,1924,9500,SILVER
m,Bu--------,1936,1000,SILVER
m,Po--------,1909,1700,GOLD
w,Ga--------,2012,6900,PREMIUM
d,Kr--------,1907,3400,BRONZE
w,Wi--------,1931,1700,SILVER
m,He--------,1929,1900,BRONZE
m,We--------,1935,1800,PREMIUM
m,Kr--------,1945,3400,GOLD
w,Gr--------,1971,5500,SILVER
d,Ba--------,2014,6300,GOLD
d,Mi--------,1953,3300,SILVER
w,Ha--------,1979,4600,PREMIUM
w,Se--------,1904,1600,BRONZE
m,Ha--------,1904,1700,PREMIUM
w,Kl--------,1943,4600,PREMIUM
m,Fl--------,1961,7300,SILVER
m,Ku--------,1970,9000,GOLD
m,Ni--------,2009,1700,PREMIUM
d,Re--------,1922,1900,BRONZE
d,Hi--------,1935,4200,SILVER
w,Ru--------,1917,4500,GOLD
m,Gö--------,1981,5400,GOLD
w,Ha--------,2003,4500,SILVER
w,Vi--------,1943,5300,SILVER
d,Ha--------,2008,8900,GOLD
m,Bu--------,1934,4000,PREMIUM
w,Ka--------,1941,9400,SILVER
m,Wü--------,1934,3000,BRONZE
m,Ka--------,1988,2500,BRONZE
w,Gä--------,1957,7500,BRONZE
w,Ne--------,1992,1200,GOLD
d,So--------,1982,1400,SILVER
m,Tu--------,1911,1900,GOLD
m,Vi--------,1922,6300,PREMIUM
w,Po--------,1953,2100,SILVER
d,Ki--------,1921,6700,PREMIUM
w,Wi--------,1978,6400,PREMIUM
d,Se--------,2013,3900,PREMIUM
m,Sa--------,2010,1900,BRONZE
m,Me--------,2015,1200,GOLD
w,Se--------,1997,9500,SILVER
w,Go--------,1984,4500,BRONZE
d,Ka--------,1967,1700,PREMIUM
w,Ga--------,1939,3900,SILVER
w,Kr--------,1992,1900,GOLD
w,Fl--------,1996,6900,BRONZE
m,Kr--------,1974,6000,BRONZE
m,Re--------,1930,6100,PREMIUM
m,Gr--------,1971,9600,SILVER
m,Sa--------,1946,7000,GOLD
w,Sa--------,1916,1000,PREMIUM
d,Gö--------,1966,7200,BRONZE
w,Ba--------,1962,6900,BRONZE
m,Br--------,1931,1000,PREMIUM
w,Kr--------,1998,5200,GOLD
w,Ko--------,1925,4900,GOLD
d,Pr--------,1945,1900,SILVER
w,St--------,1988,6500,GOLD
m,Ly--------,1927,1700,SILVER
w,Bi--------,1908,1700,GOLD
d,Wo--------,2005,9200,GOLD
m,Ma--------,1916,1100,SILVER
w,Er--------,1993,3300,PREMIUM
d,Sc--------,2000,1600,SILVER
m,De--------,1942,8500,GOLD
m,Me--------,1915,1600,GOLD
w,Le--------,1945,3500,SILVER
w,Pr--------,2016,6900,BRONZE
w,Be--------,1954,5400,GOLD
w,Se--------,1923,9200,SILVER
w,Ma--------,1925,4800,BRONZE
w,Ga--------,1951,8000,GOLD
m,Be--------,1903,8400,PREMIUM
w,Ge--------,1995,9000,GOLD
m,Lo--------,2020,8800,GOLD
w,Mo--------,1907,7200,SILVER
d,Th--------,1967,3000,SILVER
m,Vo--------,1945,3200,BRONZE
m,He--------,1909,4300,GOLD
w,Ad--------,1909,6500,BRONZE
w,Ru--------,1999,7100,GOLD
w,Se--------,1946,3400,BRONZE
m,Kü--------,1977,7500,SILVER
w,Kn--------,1994,3100,GOLD
w,Po--------,2004,9400,SILVER
d,Fl--------,1975,1700,GOLD
w,Ba--------,1925,5600,GOLD
m,Vö--------,1933,6200,SILVER
w,Zi--------,1985,1800,PREMIUM
m,Ka--------,1949,8400,SILVER
w,We--------,1971,6500,SILVER
w,Tr--------,1913,6600,PREMIUM
m,Fa--------,1939,1500,SILVER
m,Mu--------,1912,3200,PREMIUM
w,De--------,1967,3600,BRONZE
w,Kö--------,1990,4200,PREMIUM
w,Ki--------,1931,1900,GOLD
w,Bä--------,1942,1600,SILVER
m,Wu--------,1985,2500,PREMIUM
d,Oe--------,1913,7700,GOLD
w,Pu--------,2018,8700,GOLD
w,Sc--------,1942,9600,SILVER
w,St--------,1951,8600,BRONZE
w,Pa--------,1995,5200,SILVER
m,Kr--------,1987,3400,PREMIUM
m,He--------,1953,8200,GOLD
m,Di--------,1931,1000,GOLD
d,Gr--------,1969,6900,SILVER
w,Mu--------,1908,6800,PREMIUM
m,Di--------,2005,6800,SILVER
w,Ju--------,1918,4400,BRONZE
w,Hu--------,1963,4400,SILVER
w,Br--------,1915,3200,BRONZE
m,Ri--------,1918,5400,BRONZE
w,We--------,2014,9200,GOLD
w,Fe--------,1972,1200,BRONZE
m,Ha--------,1965,3300,PREMIUM
m,Lu--------,1953,6300,SILVER
w,He--------,1909,3200,PREMIUM
d,Me--------,2015,1600,PREMIUM
m,Ha--------,1906,6500,SILVER
m,St--------,2004,1800,PREMIUM
w,We--------,1969,3300,PREMIUM
m,Wa--------,1968,1900,PREMIUM
m,Br--------,1931,1200,BRONZE
w,Na--------,1985,1800,GOLD
m,Mö--------,1960,6900,PREMIUM
w,Ha--------,2016,1600,GOLD
w,Me--------,1937,2900,SILVER
m,We--------,1905,7400,GOLD
m,Ne--------,1987,6800,GOLD
m,Ce--------,1906,3400,GOLD
w,Ja--------,1912,3000,SILVER
w,Zw--------,1925,8800,PREMIUM
m,Ca--------,1986,1200,BRONZE
m,Bo--------,1922,2700,PREMIUM
m,Ko--------,1909,9400,SILVER
d,Av--------,1967,8100,BRONZE
m,Kä--------,1982,3900,PREMIUM
w,Br--------,1952,7200,GOLD
m,Co--------,2016,9100,BRONZE
m,Mu--------,1939,4400,GOLD
w,Be--------,1965,8900,BRONZE
m,We--------,1944,2800,GOLD
m,Ke--------,1944,4900,BRONZE
w,Ei--------,1974,1500,PREMIUM
w,Fa--------,1921,1500,BRONZE
m,Ma--------,1910,1400,GOLD
m,Br--------,1951,6000,GOLD
m,Mü--------,1981,1000,BRONZE
w,He--------,1993,8500,SILVER
m,Be--------,1905,6200,BRONZE
m,Rö--------,1962,4500,SILVER
w,St--------,1914,6600,SILVER
w,Sc--------,1960,8300,PREMIUM
m,Sc--------,1907,6500,SILVER
m,Be--------,1904,1700,GOLD
m,Mö--------,2016,7600,PREMIUM
w,Me--------,1979,2700,GOLD
m,Eb--------,1948,6500,BRONZE
m,Tr--------,2013,9300,SILVER
m,Ze--------,1907,1900,PREMIUM
m,Kö--------,1924,1000,SILVER
m,Wa--------,1937,1300,SILVER
w,Be--------,1916,1900,BRONZE
w,Bo--------,1997,1700,SILVER
w,Hi--------,1930,3900,PREMIUM
w,Se--------,1980,7400,GOLD
m,Kr--------,1939,2800,PREMIUM
w,Li--------,1940,8500,PREMIUM
w,Be--------,1960,2600,PREMIUM
w,Rö--------,2015,8800,GOLD
w,Ro--------,2009,4000,BRONZE
w,Bu--------,1920,9500,BRONZE
m,Bü--------,1998,2000,GOLD
m,Ha--------,1995,6900,PREMIUM
m,Ha--------,1962,4500,GOLD
w,Fr--------,1922,5400,BRONZE
w,As--------,1911,4400,BRONZE
w,Sc--------,1934,8700,PREMIUM
w,Fr--------,1905,5700,PREMIUM
m,Lo--------,2001,8100,SILVER
d,Sc--------,1935,6600,GOLD
m,Po--------,1982,4500,GOLD
m,Bü--------,1941,2700,BRONZE
w,Te--------,1968,7500,BRONZE
w,Ta--------,1912,8200,SILVER
m,Hu--------,1925,8200,SILVER
m,Lo--------,1931,7100,PREMIUM
w,We--------,1976,1900,GOLD
w,Gr--------,1908,3600,SILVER
m,Eh--------,1986,6800,GOLD
w,Bo--------,1959,8700,PREMIUM
w,We--------,1931,3900,SILVER
w,Ka--------,1930,8800,GOLD
m,Pr--------,1919,8400,SILVER
w,Et--------,1941,1800,SILVER
w,Lö--------,1919,1600,SILVER
m,Sc--------,2006,8100,PREMIUM
m,Br--------,1923,8400,SILVER
w,Kr--------,1995,4300,SILVER
w,Li--------,1929,8400,PREMIUM
w,Bo--------,1928,3500,GOLD
w,He--------,1945,5700,SILVER
m,Ha--------,1982,5000,GOLD
w,He--------,1902,8500,BRONZE
w,Ko--------,1964,3800,SILVER
w,Pa--------,2009,8200,SILVER
w,So--------,1942,6400,SILVER
d,Bo--------,1968,1500,GOLD
w,Ro--------,1962,5600,PREMIUM
w,We--------,1920,3400,SILVER
w,Th--------,1941,1900,GOLD
m,Bö--------,1980,8600,GOLD
w,Ru--------,1941,1400,GOLD
w,Ha--------,1958,5300,GOLD
m,Bo--------,1986,7400,BRONZE
m,Kl--------,1958,3200,SILVER
w,Ba--------,1966,1900,GOLD
m,He--------,1934,6000,PREMIUM
w,Fe--------,1904,6700,BRONZE
w,Gr--------,1982,9000,PREMIUM
m,So--------,1915,1400,GOLD
m,Mu--------,2002,6700,SILVER
w,Ru--------,1918,1800,PREMIUM
w,Li--------,1990,4900,PREMIUM
m,Wi--------,1985,3600,PREMIUM
w,Tr--------,1983,1500,SILVER
m,Bö--------,1933,8600,PREMIUM
m,Do--------,1978,1600,GOLD
m,Gü--------,1913,5000,GOLD
m,Kö--------,2011,3000,BRONZE
w,Ka--------,2015,6400,SILVER
w,Wa--------,1987,6200,SILVER
m,Bu--------,2008,5700,PREMIUM
d,Cl--------,1987,3900,BRONZE
w,Bu--------,1902,5500,GOLD
m,He--------,1947,6400,SILVER
m,Pe--------,1911,3400,SILVER
m,Se--------,1914,7300,SILVER
m,Wa--------,1983,8500,SILVER
w,Br--------,1972,8900,GOLD
w,Pi--------,2018,8900,PREMIUM
m,Or--------,2004,8100,BRONZE
w,Gr--------,2005,3700,SILVER
m,Kü--------,1919,3900,GOLD
m,Sc--------,1911,8100,BRONZE
w,Bu--------,1949,3500,BRONZE
m,Re--------,1959,1700,GOLD
d,Kl--------,1992,3800,PREMIUM
w,St--------,1962,6400,GOLD
m,Oe--------,2018,1900,GOLD
d,Ar--------,1910,3100,SILVER
m,He--------,1944,2400,PREMIUM
w,Ra--------,1980,8800,PREMIUM
w,Sc--------,2004,1000,SILVER
w,Br--------,1927,1700,SILVER
w,St--------,1916,1200,PREMIUM
w,Ko--------,1998,9000,GOLD
m,Ge--------,1998,4900,PREMIUM
m,Ri--------,1992,4500,SILVER
m,Go--------,1956,6200,GOLD
d,Kl--------,1910,1400,GOLD
m,Ka--------,2003,7300,PREMIUM
m,Le--------,1925,5700,BRONZE
d,Re--------,2011,8400,GOLD
w,Sp--------,2003,6900,PREMIUM
m,Gi--------,1973,4400,PREMIUM
w,Kr--------,1916,3000,BRONZE
m,Oh--------,1915,1200,GOLD
w,Sc--------,1975,4300,PREMIUM
m,Sp--------,1964,5000,PREMIUM
m,Bo--------,2016,8700,SILVER
m,Ha--------,2020,1600,GOLD
m,Wa--------,2009,8700,BRONZE
d,Li--------,1938,8800,SILVER
w,Ca--------,1916,6800,GOLD
w,Sc--------,1970,3200,BRONZE
w,Go--------,1995,7400,BRONZE
w,Di--------,1904,1900,BRONZE
m,Ec--------,2012,9500,GOLD
w,Pa--------,1982,1900,GOLD
w,Ma--------,1932,1900,GOLD
m,Wi--------,1955,1400,PREMIUM
m,Eh--------,2019,1400,PREMIUM
m,Hö--------,2001,6700,GOLD
m,Te--------,2016,4400,SILVER
w,Ni--------,1999,3100,SILVER
w,Fe--------,1926,3500,GOLD
w,Pr--------,1906,6400,BRONZE
d,Pl--------,2020,2000,BRONZE
w,He--------,1980,6500,PREMIUM
m,Da--------,1944,5400,SILVER
w,Wi--------,1917,5000,GOLD
m,St--------,1970,8800,SILVER
m,Wa--------,1968,1000,GOLD
m,Po--------,1960,3300,SILVER
m,No--------,1993,9500,SILVER
m,Ge--------,1939,3600,SILVER
w,Pu--------,1903,9000,SILVER
w,Zi--------,1957,5100,GOLD
w,Sc--------,1989,4100,PREMIUM
m,Ho--------,1992,9000,SILVER
m,Ku--------,1924,7100,BRONZE
w,Ge--------,2015,1000,BRONZE
w,Di--------,1985,1600,GOLD
w,Ge--------,1938,4800,BRONZE
m,Ga--------,1993,8900,SILVER
m,Gi--------,1934,1900,SILVER
m,Ka--------,1970,7400,PREMIUM
w,Ha--------,2002,9400,BRONZE
w,Wi--------,2010,4400,BRONZE
w,Be--------,1904,3100,GOLD
m,Ge--------,2018,1500,SILVER
w,Bö--------,1983,1700,BRONZE
m,Na--------,1974,3000,GOLD
m,Wi--------,1958,9500,BRONZE
m,Fr--------,1997,7700,GOLD
w,Sc--------,1937,4200,SILVER
d,Ke--------,2006,6900,SILVER
w,Rö--------,1981,6900,BRONZE
m,Pr--------,1960,7000,GOLD
m,Rö--------,1987,6900,PREMIUM
w,Fe--------,2011,1200,BRONZE
m,Rö--------,1983,1400,BRONZE
m,Ka--------,1936,8200,GOLD
m,Wa--------,2001,8700,SILVER
m,Ak--------,1906,8400,SILVER
d,Sc--------,1911,4100,SILVER
w,Ka--------,1982,7400,GOLD
w,Mi--------,1976,1600,GOLD
d,Bl--------,1980,7400,SILVER
m,Ka--------,2018,6400,SILVER
d,Kn--------,1962,7400,SILVER
m,Ka--------,1929,4400,BRONZE
m,An--------,1959,4400,PREMIUM
w,De--------,2001,1500,BRONZE
w,Sc--------,1908,4500,BRONZE
w,Ed--------,1937,5600,SILVER
w,Ba--------,1991,2100,GOLD
m,Re--------,1914,9600,SILVER
w,Al--------,1995,4500,SILVER
m,Pe--------,1925,1700,GOLD
w,Ha--------,1921,1900,SILVER
w,Ku--------,1970,1900,BRONZE
w,Ma--------,1970,8100,GOLD
m,Oh--------,2019,2100,GOLD
m,Ra--------,1960,3600,SILVER
m,Gr--------,1980,8100,BRONZE
m,La--------,1991,4500,PREMIUM
w,He--------,2005,3200,PREMIUM
m,Re--------,1953,6000,BRONZE
d,St--------,1956,2700,PREMIUM
m,Li--------,1944,2500,BRONZE
w,De--------,1939,5200,GOLD
m,Me--------,1939,5600,GOLD
w,Se--------,1982,6700,PREMIUM
m,Go--------,2016,1300,SILVER
w,Ec--------,1939,7400,BRONZE
w,He--------,1937,3800,SILVER
w,Th--------,1953,2000,GOLD
w,Re--------,2001,3500,SILVER
m,Hü--------,1997,8500,PREMIUM
w,Li--------,1916,4500,BRONZE
w,Wo--------,1917,1100,PREMIUM
m,Si--------,1934,3500,PREMIUM
w,Kö--------,1971,1600,BRONZE
w,De--------,1969,9500,PREMIUM
m,We--------,1957,6100,SILVER
w,Ba--------,1996,2800,PREMIUM
d,Ap--------,1971,8500,PREMIUM
m,Le--------,1929,1000,PREMIUM
m,Ko--------,1990,7200,SILVER
d,Sc--------,1905,1800,GOLD
m,Gu--------,2016,3600,SILVER
m,Wü--------,1972,1700,SILVER
m,Pf--------,1992,2600,BRONZE
m,Rö--------,1908,3600,GOLD
w,Ki--------,1927,7400,BRONZE
w,Bo--------,1912,1200,PREMIUM
w,Vi--------,1977,6400,PREMIUM
d,Di--------,1963,8400,SILVER
w,Li--------,1906,5000,SILVER
w,Wa--------,1942,6600,BRONZE
m,Sc--------,1909,3300,SILVER
w,Vi--------,2001,7100,BRONZE
m,Di--------,2001,2000,BRONZE
w,Zi--------,1933,3900,GOLD
m,Al--------,2004,8600,GOLD
m,An--------,1934,1900,PREMIUM
w,Ca--------,1940,1700,SILVER
w,We--------,1934,8500,BRONZE
